OPERAT.,HORA,FRC-69 ,FRC-109 
01/12/2015,01:00,2149,1777
01/12/2015,05:00,2180,1777
01/12/2015,09:00,2212,1546
01/12/2015,13:00,2212,1546
01/12/2015,17:00,2117,1546
01/12/2015,21:00,2117,2009
02/12/2015,01:00,2464,2009
02/12/2015,05:00,2465,2009
